{
    "meddra":{
        "url":"https://mapisbx.meddra.org/api/search",
        "url_token":"https://mid.meddra.org/connect/token",
        "client_id":"mspclient",
        "username":"24360",
        "app_secret":"26zKRTc63Q86E8GF95ZU",
        "scope":"meddraapi",
        "token":""
    },
    "dhis2":{
        "url":"https://datos.hispcolombia.org/dhis",
        "url_token":"https://datos.hispcolombia.org/dhis/uaa/oauth/token",
        "name":"helder",
        "client_id":"helder",
        "client_secret":"25e09946a-d503-06ae-55bf-ce32f30c11c"
    },
    "allowedOrigins":["http://127.0.0.1:5500","http://localhost:5500","https://datos.hispcolombia.org"]
}